Storrie Severity,Chips severity,plot,Plot,quadrant,spp,shrub cover ,shrub max ht,shrub.num,shrub cover midpoint,tree ht class,tree.num
1,1,1,1.1.1,SW,RIRO,1,25,2,1,,
1,1,1,1.1.1,SW,QUKE,1,10,1,1,,
1,1,1,1.1.1,SW,AMUT,2,60,8,4.5,,
1,1,1,1.1.1,NE,RIRO,2,50,6,4.5,,
1,1,1,1.1.1,NE,AMUT,2,35,3,4.5,,
1,1,1,1.1.1,SW,ABCO,,,,,5,1
1,1,1,1.1.1,SW,ABCO,,,,,1,5
1,1,1,1.1.1,SW,PSME,,,,,1,1
1,1,1,1.1.1,SW,PIPO,,,,,1,1
1,1,1,1.1.1,SW,PIMO,,,,,1,1
1,1,1,1.1.1,NE,PSME,,,,,5,1
1,1,1,1.1.1,NE,PSME,,,,,4,6
1,1,1,1.1.1,NE,PSME,,,,,3,2
1,1,1,1.1.1,NE,PSME,,,,,2,3
1,1,1,1.1.1,NE,ABCO,,,, ,5,2
1,1,1,1.1.1,NE,ABCO,,,,,3,4
1,1,1,1.1.1,NE,ABCO,,,,,2,4
1,1,1,1.1.1,NE,ABCO,,,,,1,3
1,1,1,1.1.1,NE,CADE,,,,,4,1
1,1,1,1.1.1,NE,CADE,,,,,2,5
1,1,1,1.1.1,NE,CADE,,,,,1,2
1,1,1,1.1.1,NE,PIMO,,,,,2,2
1,1,2,1.1.2,NE,QUCH,1,140,2,1,,
1,1,2,1.1.2,NE,QUKE,1,110,4,1,,
1,1,2,1.1.2,SW,QUKE,1,100,9,1,,
1,1,2,1.1.2,NE,PSME,,,,,2,2
1,1,2,1.1.2,NE,PSME,,,,,3,2
1,1,2,1.1.2,NE,PSME,,,,,4,2
1,1,2,1.1.2,NE,PSME,,,,,5,1
1,1,2,1.1.2,NE,PSME,,,,,1,9
1,1,2,1.1.2,NE,PIMO,,,,,3,1
1,1,2,1.1.2,NE,PIMO,,,,,4,2
1,1,2,1.1.2,NE,ABCO,,,,,3,1
1,1,2,1.1.2,NE,CADE,,,,,2,2
1,1,2,1.1.2,SW,PSME,,,,,2,2
1,1,2,1.1.2,SW,PSME,,,,,3,1
1,1,2,1.1.2,SW,ABCO,,,,,2,1
1,1,3,1.1.3,NE,QUKE,1,30,11,1,,
1,1,3,1.1.3,NE,SYMO,1,10,2,1,,
1,1,3,1.1.3,SW,unk shiny leaves,1,18,,1,,
1,1,3,1.1.3,SW,QUKE,1,11,10,1,,
1,1,3,1.1.3,NE,ABCO,,,,,2,1
1,1,3,1.1.3,NE,ABCO,,,,,3,1
1,1,3,1.1.3,SW,ABCO,,,,,4,1
1,1,4,1.1.4,SW,QUKE,1,23,39,1,,
1,1,4,1.1.4,SW,SYMO,1,35,5,1,,
1,1,4,1.1.4,NE,NODE,1,28,1,1,,
1,1,4,1.1.4,SW,NODE,2,65,4,4.5,,
1,1,4,1.1.4,NE,SYMO,2,26,10,4.5,,
1,1,4,1.1.4,NE,RHPU,2,190,31,4.5,,
1,1,4,1.1.4,SW,RHPU,3,170,15,18,,
1,1,4,1.1.4,SW,CECO,3,120,3,18,,
1,1,4,1.1.4,NE,QUKE,3,37,240,18,,
1,1,4,1.1.4,NE,ABCO,,,,,1,15
1,1,4,1.1.4,NE,ABCO,,,,,2,5
1,1,4,1.1.4,NE,ABCO,,,,,3,1
1,1,4,1.1.4,NE,ABCO,,,,,4,2
1,1,4,1.1.4,NE,CADE,,,,,3,1
1,2,1,1.2.1,NE,RIRO,1,12,7,1,,
1,2,1,1.2.1,NE,QUKE,1,35,4,1,,
1,2,1,1.2.1,SW,QUKE,1,9,2,1,,
1,2,1,1.2.1,SW,SYMO,1,8,1,1,,
1,2,1,1.2.1,SW,CONU,,,,,5,1
1,2,2,1.2.2,SW,QUKE,1,7,2,1,,
1,2,2,1.2.2,SW,CEIN,1,5,1,1,,
1,2,2,1.2.2,NE,QUKE,1,15,1,1,,
1,2,2,1.2.2,NE,CEIN,1,12,1,1,,
1,2,2,1.2.2,NE,ABCO,,,,,2,1
1,2,3,1.2.3,NE,QUKE,1,6,21,1,,
1,2,3,1.2.3,NE,CEPR,1,5,2,1,,
1,2,3,1.2.3,SW,CEIN,1,8,1,1,,
1,2,3,1.2.3,SW,CEPR,1,4,1,1,,
1,2,3,1.2.3,SW,QUKE,2,100,33,4.5,,
1,2,3,1.2.3,NE,PSME,,,,,1,1
1,2,3,1.2.3,SW,PSME,,,,,1,1
1,2,3,1.2.3,SW,PIMO,,,,,1,2
1,2,4,1.2.4,NE,RIRO,1,30,5,1,,
1,2,4,1.2.4,NE,ARPA,1,20,6,1,,
1,2,4,1.2.4,SW,SYMO,2,20,14,4.5,,
1,2,4,1.2.4,NE,QUKE,3,35,235,18,,
1,2,4,1.2.4,NE,CECO,3,62,6,18,,
1,2,4,1.2.4,SW,CECO,3,130,16,18,,
1,2,4,1.2.4,SW,QUKE,3,60,139,18,,
1,2,4,1.2.4,NE,SYMO,4,17,19,38,,
1,2,4,1.2.4,SW,ARPA,4,73,28,38,,
1,2,5,1.2.5,NE,CEIN,1,23,27,1,,
1,2,5,1.2.5,NE,ARPA,1,8,11,1,,
1,2,5,1.2.5,NE,RIRO,1,7,15,1,,
1,2,5,1.2.5,NE,CECO,1,5,1,1,,
1,2,5,1.2.5,SW,ARPA,1,6,3,1,,
1,2,5,1.2.5,SW,CEIN,2,145,10,4.5,,
1,2,6,1.2.6,NE,CEIN,1,115,11,1,,
1,2,6,1.2.6,NE,QUKE,1,10,1,1,,
1,2,6,1.2.6,NE,RIRO,1,12,1,1,,
1,2,6,1.2.6,SW,QUCH,1,30,5,1,,
1,2,6,1.2.6,SW,CEIN,1,12,2,1,,
1,2,6,1.2.6,SW,SYMO,2,25,10,4.5,,
1,2,6,1.2.6,SW,QUKE,2,60,4,4.5,,
1,2,6,1.2.6,NE,ABCO,,,,,2,2
1,2,6,1.2.6,NE,ABCO,,,,,1,9
1,2,6,1.2.6,NE,PIPO,,,,,2,1
1,2,6,1.2.6,NE,CADE,,,,,4,1
1,2,6,1.2.6,NE,PILA,,,,,5,1
1,2,6,1.2.6,NE,PILA,,,,,3,1
1,2,6,1.2.6,SW,ABCO,,,,,2,2
1,2,6,1.2.6,SW,ABCO,,,,,3,5
1,2,6,1.2.6,SW,ABCO,,,,,4,3
1,2,6,1.2.6,SW,ABCO,,,,,5,1
1,2,6,1.2.6,SW,ABCO,,,,,1,9
1,2,6,1.2.6,SW,CADE,,,,,1,1
1,2,6,1.2.6,SW,CADE,,,,,2,1
1,2,6,1.2.6,SW,CADE,,,,,3,1
1,2,6,1.2.6,SW,CADE,,,,,5,1
1,2,6,1.2.6,SW,PIPO,,,,,1,1
1,3,1,1.3.1,NE,CEPR,1,6,1,1,,
1,3,1,1.3.1,NE,RIRO,1,20,7,1,,
1,3,1,1.3.1,SW,RIRO,1,30,4,1,,
1,3,1,1.3.1,SW,QUKE,1,10,1,1,,
1,3,1,1.3.1,SW,SYMO,1,15,1,1,,
1,3,1,1.3.1,SW,CEIN,3,130,60,18,,
1,3,1,1.3.1,NE,CEIN,5,198,31,63,,
1,3,1,1.3.1,NE,ABCO,,,,,1,3
1,3,1,1.3.1,NE,ABCO,,,,,2,4
1,3,1,1.3.1,NE,ABCO,,,,,3,9
1,3,1,1.3.1,NE,ABCO,,,,,4,5
1,3,1,1.3.1,NE,PIPO,,,,,2,1
1,3,1,1.3.1,NE,PILA,,,,,3,1
1,3,1,1.3.1,SW,PILA,,,,,1,2
1,3,2,1.3.2,SW,ARPA,1,8,1,1,,
1,3,2,1.3.2,NE,QUKE,1,17,3,1,,
1,3,2,1.3.2,NE,RIRO,1,11,1,1,,
1,3,2,1.3.2,NE,RIAU,1,17,1,1,,
1,3,2,1.3.2,NE,QUCH,1,25,1,1,,
1,3,2,1.3.2,SW,CEIN,2,95,14,4.5,,
1,3,2,1.3.2,SW,QUKE,3,136,2,18,,
1,3,2,1.3.2,NE,CEIN,3,142,176,18,,
1,3,3,1.3.3,NE,CEIN,1,50,16,1,,
1,3,3,1.3.3,NE,RIRO,1,15,1,1,,
1,3,3,1.3.3,NE,QUKE,1,12,1,1,,
1,3,3,1.3.3,SW,CEIN,1,60,6,1,,
1,3,3,1.3.3,SW,QUKE,1,15,2,1,,
1,3,4,1.3.4,SW,QUKE,1,6,1,1,,
1,3,4,1.3.4,NE,QUCH,2,105,1,4.5,,
1,3,4,1.3.4,SW,CEIN,3,60,123,18,,
1,3,4,1.3.4,NE,CEIN,3,55,129,18,,
1,3,5,1.3.5,SW,CEIN,1,30,15,1,,
1,3,5,1.3.5,NE,CEIN,2,40,48,4.5,,
1,3,6,1.3.6,SW,RIRO,1,10,1,1,,
1,3,6,1.3.6,SW,CEIN,2,45,86,4.5,,
1,3,6,1.3.6,SW,QUKE,2,65,2,4.5,,
1,3,6,1.3.6,NE,QUGA,2,30,1,4.5,,
1,3,6,1.3.6,NE,CEIN,2,85,7,4.5,,
1,4,1,1.4.1,NE,CONU,1,45,1,1,,
1,4,1,1.4.1,SW,RIRO,1,25,1,1,,
1,4,1,1.4.1,SW,SYMO,2,65,3,4.5,,
1,4,1,1.4.1,SW,CEIN,4,188,164,38,,
1,4,1,1.4.1,NE,CEIN,5,175,217,63,,
1,4,2,1.4.2,NE,RICE,1,12,1,1,,
1,4,2,1.4.2,SW,ARPA,1,23,1,1,,
1,4,2,1.4.2,SW,RIRO,1,20,1,1,,
1,4,2,1.4.2,NE,CEIN,2,1000,23,4.5,,
1,4,2,1.4.2,NE,ARPA,2,59,5,4.5,,
1,4,2,1.4.2,NE,QUKE,2,90,1,4.5,,
1,4,2,1.4.2,SW,CEIN,4,118,51,38,,
1,4,2,1.4.2,SW,PIPO,,,,,1,1
1,4,2,1.4.2,SW,QUCH,,,,,4,1
1,4,3,1.4.3,SW,ARPA,1,55,1,1,,
1,4,3,1.4.3,NE,RIRO,1,25,1,1,,
1,4,3,1.4.3,NE,ARPA,1,65,1,1,,
1,4,3,1.4.3,SW,CEPR,2,4,5,4.5,,
1,4,3,1.4.3,SW,QUKE,2,130,1,4.5,,
1,4,3,1.4.3,SW,CEIN,4,136,115,38,,
1,4,3,1.4.3,NE,CEIN,6,150,220,88,,
1,4,4,1.4.4,SW,RIRO,1,50,2,1,,
1,4,4,1.4.4,NE,RIRO,2,80,5,4.5,,
1,4,4,1.4.4,SW,CEIN,5,133,95,63,,
1,4,4,1.4.4,NE,CEIN,6,155,110,88,,
1,4,5,1.4.5,NE,RIRO,1,30,1,1,,
1,4,5,1.4.5,SW,RIRO,1,52,1,1,,
1,4,5,1.4.5,NE,CEIN,6,130,303,88,,
1,4,5,1.4.5,SW,CEIN,6,115,289,88,,
1,4,6,1.4.6,NE,CEIN,3,80,71,18,,
1,4,6,1.4.6,SW,QUCH,3,130,1,18,,
1,4,6,1.4.6,SW,CEIN,4,110,91,38,,
2,1,1,2.1.1,NE,SYAL,1,16,2,1,,
2,1,1,2.1.1,NE,RIRO,1,45,1,1,,
2,1,1,2.1.1,NE,CECO,2,30,1,4.5,,
2,1,1,2.1.1,NE,CEPR,2,3,1,4.5,,
2,1,1,2.1.1,SW,CEPR,2,3,1,4.5,,
2,1,1,2.1.1,NE,PSME,,,,,2,1
2,1,1,2.1.1,NE,PSME,,,,,3,1
2,1,1,2.1.1,NE,ABCO,,,,,1,5
2,1,1,2.1.1,NE,ABCO,,,,,2,21
2,1,1,2.1.1,NE,PILA,,,,,2,5
2,1,1,2.1.1,NE,CADE,,,,,2,8
2,1,1,2.1.1,NE,QUKE,,,,,1,4
2,1,1,2.1.1,NE,PSME,,,,,1,1
2,1,1,2.1.1,NE,ABCO,,,,,3,10
2,1,1,2.1.1,NE,PILA,,,,,1,2
2,1,1,2.1.1,NE,CADE,,,,,1,9
2,1,1,2.1.1,NE,CADE,,,,,3,1
2,1,1,2.1.1,SW,PILA,,,,,2,4
2,1,1,2.1.1,SW,CADE,,,,,2,1
2,1,1,2.1.1,SW,PILA,,,,,1,5
2,1,1,2.1.1,SW,CADE,,,,,1,1
2,1,1,2.1.1,SW,ABCO,,,,,2,1
2,1,2,2.1.2,NE,QUKE,1,13,1,1,,
2,1,2,2.1.2,SW,ARPA,1,11,4,1,,
2,1,2,2.1.2,SW,RIRO,1,6,1,1,,
2,1,2,2.1.2,SW,SYMO,2,25,28,4.5,,
2,1,2,2.1.2,SW,CEIN,2,32,6,4.5,,
2,1,2,2.1.2,NE,CEIN,3,150,,18,,
2,1,2,2.1.2,SW,QUKE,3,137,11,18,,
2,1,2,2.1.2,NE,PIPO,,,,,4,1
2,1,2,2.1.2,NE,PILA,,,,,2,1
2,1,2,2.1.2,NE,CADE,,,,,1,1
2,1,2,2.1.2,NE,PSME,,,,,2,1
2,1,2,2.1.2,NE,CADE,,,,,5,1
2,1,2,2.1.2,NE,PIPO,,,,,5,1
2,1,2,2.1.2,SW,PILA,,,,,1,3
2,1,3,2.1.3,NE,SYMO,1,15,11,1,,
2,1,3,2.1.3,SW,QUKE,1,50,2,1,,
2,1,3,2.1.3,SW,SYMO,1,20,4,1,,
2,1,3,2.1.3,SW,CEIN,2,103,1,4.5,,
2,1,3,2.1.3,NE,PILA,,,,,1,1
2,1,3,2.1.3,SW,PILA,,,,,4,1
2,1,3,2.1.3,SW,PSME,,,,,1,13
2,1,3,2.1.3,SW,PSME,,,,,2,21
2,1,3,2.1.3,SW,ABCO,,,,,1,4
2,1,3,2.1.3,SW,PILA,,,,,2,1
2,1,3,2.1.3,SW,ABCO,,,,,2,2
2,1,4,2.1.4,SW,CECO,1,5,1,1,,
2,1,4,2.1.4,SW,ARPA,1,13,2,1,,
2,1,4,2.1.4,NE,ARPA,1,4,1,1,,
2,1,4,2.1.4,SW,QUKE,2,11,156,4.5,,
2,1,4,2.1.4,NE,QUKE,2,14,153,4.5,,
2,1,4,2.1.4,SW,PILA,,,,,1,1
2,1,5,2.1.5,NE,SYMO,1,15,1,1,,
2,1,5,2.1.5,NE,RIRO,1,40,2,1,,
2,1,5,2.1.5,NE,CEIN,1,60,1,1,,
2,1,5,2.1.5,SW,SYMO,2,25,4,4.5,,
2,1,5,2.1.5,SW,RIRO,2,40,6,4.5,,
2,1,5,2.1.5,SW,CEIN,2,130,1,4.5,,
2,1,5,2.1.5,NE,ABCO,,,,,1,6
2,1,5,2.1.5,NE,ABCO,,,,,2,3
2,1,5,2.1.5,NE,PILA,,,,,1,12
2,1,5,2.1.5,NE,CADE,,,,,1,1
2,1,5,2.1.5,SW,PILA,,,,,1,6
2,1,5,2.1.5,SW,PILA,,,,,2,1
2,1,5,2.1.5,SW,CADE,,,,,1,4
2,1,5,2.1.5,SW,CADE,,,,,3,1
2,1,5,2.1.5,SW,ABCO,,,,,1,2
2,1,5,2.1.5,SW,ABCO,,,,,2,1
2,1,5,2.1.5,SW,PSME,,,,,1,3
2,1,5,2.1.5,SW,PSME,,,,,2,2
2,1,6,2.1.6,SW,PREM,1,55,3,1,,
2,1,6,2.1.6,NE,ARPA,1,62,1,1,,
2,1,6,2.1.6,NE,QUKE,1,65,4,1,,
2,1,6,2.1.6,SW,RIRO,2,75,30,4.5,,
2,1,6,2.1.6,SW,CECO,2,30,3,4.5,,
2,1,6,2.1.6,SW,CEIN,2,95,2,4.5,,
2,1,6,2.1.6,NE,SYMO,2,35,12,4.5,,
2,1,6,2.1.6,NE,PREM,3,150,18,18,,
2,1,6,2.1.6,NE,RIRO,3,50,18,18,,
2,1,6,2.1.6,NE,CEIN,3,190,3,18,,
2,1,6,2.1.6,NE,CECO,4,120,5,38,,
2,1,6,2.1.6,SW,ARPA,,63,1,,,
2,1,6,2.1.6,SW,PIMO,,,,,2,1
2,1,6,2.1.6,SW,PIMO,,,,,1,2
2,1,6,2.1.6,SW,PSME,,,,,1,5
2,1,6,2.1.6,SW,PSME,,,,,2,1
2,1,6,2.1.6,SW,ABCO,,,,,1,1
2,1,6,2.1.6,SW,ABCO,,,,,3,2
2,1,6,2.1.6,SW,ABCO,,,,,2,3
2,1,6,2.1.6,NE,ABCO,,,,,1,2
2,1,6,2.1.6,NE,ABCO,,,,,2,3
2,1,6,2.1.6,NE,ABCO,,,,,3,1
2,1,6,2.1.6,NE,ABCO,,,,,4,4
2,1,6,2.1.6,NE,ABCO,,,,,5,5
2,1,6,2.1.6,NE,PIMO,,,,,1,1
2,1,6,2.1.6,NE,PIMO,,,,,2,2
2,1,6,2.1.6,NE,PIMO,,,,,4,1
2,1,6,2.1.6,NE,PIPO,,,,,4,1
2,2,1,2.2.1,NE,QUKE,2,92,104,4.5,,
2,2,2,2.2.2,SW,QUKE,2,82,66,4.5,,
2,2,2,2.2.2,NE,QUKE,2,28,245,4.5,,
2,2,2,2.2.2,SW,QUKE,2,35,151,4.5,,
2,2,3,2.2.3,SW,CEVE,1,12,1,1,,
2,2,3,2.2.3,SW,ARPA,1,37,1,1,,
2,2,3,2.2.3,SW,SYMO,2,27,3,4.5,,
2,2,3,2.2.3,NE,SYMO,2,18,9,4.5,,
2,2,3,2.2.3,NE,RIRO,3,78,13,18,,
2,2,3,2.2.3,NE,CHSE,3,145,5,18,,
2,2,3,2.2.3,SW,QUKE,,,,,1,2
2,2,3,2.2.3,SW,PIPO,,,,,3,1
2,2,3,2.2.3,SW,CADE,,,,,2,4
2,2,3,2.2.3,SW,ABCO,,,,,1,8
2,2,3,2.2.3,SW,ABCO,,,,,2,1
2,2,3,2.2.3,SW,ABCO,,,,,3,1
2,2,3,2.2.3,NE,ABCO,,,,,1,6
2,2,3,2.2.3,NE,PILA,,,,,2,2
2,2,3,2.2.3,NE,QUKE,,,,,1,1
2,2,3,2.2.3,NE,QUKE,,,,,2,1
2,2,3,2.2.3,NE,CADE,,,,,2,1
2,2,4,2.2.4,NE,SYMO,1,6,3,1,,
2,2,4,2.2.4,SW,SYMO,1,4,1,1,,
2,2,4,2.2.4,NE,QUKE,2,72,170,4.5,,
2,2,4,2.2.4,SW,QUKE,3,123,149,18,,
2,2,5,2.2.5,NE,cherry,1,115,3,1,,
2,2,5,2.2.5,SW,RIRO,1,13,3,1,,
2,2,5,2.2.5,NE,QUKE,2,93,4,4.5,,
2,2,5,2.2.5,NE,CEPR,2,3,1,4.5,,
2,2,5,2.2.5,SW,CEIN,2,105,5,4.5,,
2,2,5,2.2.5,NE,CEVE,3,138,1,18,,
2,2,5,2.2.5,NE,CEIN,4,190,8,38,,
2,2,5,2.2.5,NE,PILA,,,,,1,1
2,2,5,2.2.5,NE,PIPO,,,,,1,1
2,2,5,2.2.5,NE,ABCO,,,,,3,1
2,2,5,2.2.5,NE,CADE,,,,,5,1
2,2,5,2.2.5,NE,PILA,,,,,4,1
2,2,5,2.2.5,NE,PSME,,,,,2,1
2,2,5,2.2.5,SW,PILA,,,,,1,1
2,2,5,2.2.5,SW,PILA,,,,,2,1
2,2,5,2.2.5,SW,PSME,,,,,1,1
2,2,5,2.2.5,SW,CADE,,,,,2,1
2,2,6,2.2.6,NE,CEIN,1,12,5,1,,
2,2,6,2.2.6,NE,CEPR,1,5,1,1,,
2,2,6,2.2.6,SW,QUKE,1,10,2,1,,
2,2,6,2.2.6,SW,CEPR,1,3,1,1,,
2,2,6,2.2.6,SW,CEIN,1,10,1,1,,
2,2,6,2.2.6,NE,QUKE,2,130,1,4.5,,
2,2,6,2.2.6,SW,PILA,,,,,1,1
2,3,1,2.3.1,NE,QUKE,1,1.6,6,1,,
2,3,1,2.3.1,NE,ARPA,1,10,2,1,,
2,3,1,2.3.1,SW,QUKE,1,27,16,1,,
2,3,1,2.3.1,SW,CEPR,1,7,10,1,,
2,3,1,2.3.1,SW,CECI,1,10,9,1,,
2,3,1,2.3.1,SW,ARPA,1,5,1,1,,
2,3,1,2.3.1,SW,RIRO,1,16,1,1,,
2,3,1,2.3.1,NE,CECO,2,2.5,16,4.5,,
2,3,2,2.3.2,SW,CECO,1,26,7,1,,
2,3,2,2.3.2,NE,RIRO,1,6,1,1,,
2,3,2,2.3.2,NE,QUKE,2,90,2,4.5,,
2,3,3,2.3.3,SW,CEIN,1,15,2,1,,
2,3,3,2.3.3,NE,CEIN,2,105,2,4.5,,
2,3,4,2.3.4,NE,RIRO,1,34,2,1,,
2,3,4,2.3.4,SW,RIRO,1,5,1,1,,
2,3,4,2.3.4,NE,CEIN,2,135,5,4.5,,
2,3,4,2.3.4,NE,SYMO,2,10,1,4.5,,
2,3,4,2.3.4,NE,CEPR,2,10,1,4.5,,
2,3,4,2.3.4,NE,pac willow?,2,60,2,4.5,,
2,3,4,2.3.4,NE,CEVE,2,55,1,4.5,,
2,3,4,2.3.4,SW,CEIN,2,50,8,4.5,,
2,3,4,2.3.4,SW,SYMO,2,22,1,4.5,,
2,3,4,2.3.4,SW,CECO,2,35,1,4.5,,
2,3,4,2.3.4,SW,CEPR,3,14,2,18,,
2,3,4,2.3.4,NE,ABCO,,,,,3,3
2,3,4,2.3.4,NE,ABCO,,,,,4,2
2,3,4,2.3.4,NE,ABCO,,,,,1,3
2,3,4,2.3.4,NE,ABCO,,,,,2,3
2,3,4,2.3.4,NE,PIPO,,,,,3,3
2,3,4,2.3.4,NE,PIPO,,,,,2,2
2,3,4,2.3.4,NE,PILA,,,,,2,3
2,3,4,2.3.4,NE,PSME,,,,,1,2
2,3,4,2.3.4,NE,PILA,,,,,3,1
2,3,4,2.3.4,NE,PIPO,,,,,4,1
2,3,4,2.3.4,NE,CADE,,,,,1,3
2,3,4,2.3.4,NE,PILA,,,,,1,1
2,3,4,2.3.4,SW,CADE,,,,,1,1
2,3,4,2.3.4,SW,PILA,,,,,1,1
2,3,5,2.3.5,NE,ARPA,1,12,55,1,,
2,3,5,2.3.5,NE,CECO,1,14,50,1,,
2,3,5,2.3.5,NE,SYMO,1,15,3,1,,
2,3,5,2.3.5,SW,ARPA,1,25,51,1,,
2,3,5,2.3.5,SW,CECO,1,30,86,1,,
2,3,5,2.3.5,NE,CHSE,2,70,27,4.5,,
2,3,5,2.3.5,NE,QUKE,2,135,41,4.5,,
2,3,5,2.3.5,SW,QUKE,2,125,25,4.5,,
2,3,5,2.3.5,SW,CHSE,3,100,19,18,,
2,3,5,2.3.5,NE,ABCO,,,,,1,8
2,3,6,2.3.6,NE,CEIN,1,18,1,1,,
2,3,6,2.3.6,SW,PREM?,1,30,1,1,,
2,3,6,2.3.6,NE,QUKE,2,70,26,4.5,,
2,3,6,2.3.6,NE,RIRO,2,45,15,4.5,,
2,3,6,2.3.6,SW,QUKE,2,35,6,4.5,,
2,3,6,2.3.6,SW,RIRO,2,50,10,4.5,,
2,3,6,2.3.6,SW,ARPA,3,50,39,18,,
2,3,6,2.3.6,NE,ARPA,4,85,49,38,,
2,3,6,2.3.6,NE,CECO,5,80,79,63,,
2,3,6,2.3.6,SW,CECO,5,120,123,63,,
2,3,6,2.3.6,NE,PIPO,,,,,2,1
2,3,6,2.3.6,NE,PIPO,,,,,1,1
2,4,1,2.4.1,SW,ARPA,1,18,3,1,,
2,4,1,2.4.1,SW,QUKE,1,25,1,1,,
2,4,1,2.4.1,NE,QUKE,1,30,4,1,,
2,4,1,2.4.1,NE,SYMO,1,7,1,1,,
2,4,1,2.4.1,NE,ARPA,2,23,9,4.5,,
2,4,1,2.4.1,SW,CECO,3,47,14,18,,
2,4,1,2.4.1,NE,CECO,3,45,14,18,,
2,4,1,2.4.1,SW,ABCO,,,,,2,1
2,4,1,2.4.1,SW,ABCO,,,,,1,34
2,4,1,2.4.1,SW,PIPO,,,,,1,2
2,4,1,2.4.1,SW,PIPO,,,,,,3
2,4,1,2.4.1,NE,ABCO,,,,,1,67
2,4,1,2.4.1,NE,PSME,,,,,1,3
2,4,1,2.4.1,NE,PILA,,,,,2,1
2,4,1,2.4.1,NE,PIPO,,,,,1,1
2,4,1,2.4.1,NE,PIPO,,,,,,4
2,4,2,2.4.2,NE,RIRO,1,38,2,1,,1
2,4,2,2.4.2,NE,ARPA,1,20,3,1,,
2,4,2,2.4.2,SW,ARPA,1,15,1,1,,
2,4,2,2.4.2,SW,RIRO,1,25,1,1,,
2,4,2,2.4.2,NE,CEPR,2,5,3,4.5,,2
2,4,2,2.4.2,NE,QUKE,2,112,1,4.5,,
2,4,2,2.4.2,NE,CEIN,5,75,108,63,,
2,4,2,2.4.2,SW,CEPR,5,4,1,63,,
2,4,2,2.4.2,NE,ABCO,,,,,1,1
2,4,2,2.4.2,NE,PILA,,,,,2,1
2,4,2,2.4.2,SW,CEIN,,75,114,,,
2,4,2,2.4.2,SW,PIPO,,,,,2,1
2,4,2,2.4.2,SW,PILA,,,,,4,1
2,4,3,2.4.3,SW,ARPA,1,18,1,1,,
2,4,3,2.4.3,SW,RIRO,1,40,3,1,,
2,4,3,2.4.3,NE,RIRO,2,63,8,4.5,,
2,4,3,2.4.3,NE,RULA,2,57,1,4.5,,
2,4,3,2.4.3,NE,CEIN,5,67,192,63,,
2,4,3,2.4.3,SW,CEIN,5,65,174,63,,
2,4,3,2.4.3,NE,ABCO,,,,,1,3
2,4,3,2.4.3,SW,PILA,,,,,1,1
2,4,4,2.4.4,SW,QUKE,1,17,3,1,,
2,4,4,2.4.4,SW,CEPR,1,4,2,1,,
2,4,4,2.4.4,SW,CECO,2,35,38,4.5,,
2,4,4,2.4.4,SW,holly-leaved oak,2,50,1,4.5,,
2,4,4,2.4.4,SW,CEIN,2,55,2,4.5,,
2,4,4,2.4.4,SW,RIRO,3,61,11,18,,
2,4,4,2.4.4,SW,ARPA,3,50,32,18,,
2,4,4,2.4.4,NE,CECO,,60,37,,,
2,4,4,2.4.4,NE,RIRO,,67,16,,,
2,4,4,2.4.4,NE,ARPA,,18,11,,,
2,4,4,2.4.4,NE,PIPO,,,,,2,3
2,4,4,2.4.4,SW,PIPO,,,,,2,2
2,4,5,2.4.5,NE,QUKE,1,32,2,1,,
2,4,5,2.4.5,NE,PREM,1,25,3,1,,
2,4,5,2.4.5,SW,RIRO,1,12,1,1,,
2,4,5,2.4.5,NE,ARPA,2,10,27,4.5,,
2,4,5,2.4.5,SW,ARPA,3,25,80,18,,
2,4,5,2.4.5,SW,QUKE,3,165,4,18,,
2,4,5,2.4.5,NE,CECO,4,45,63,38,,
2,4,5,2.4.5,SW,CECO,4,55,49,38,,
2,4,5,2.4.5,NE,ABCO,,,,,1,82
2,4,5,2.4.5,NE,ABCO,,,,,2,1
2,4,5,2.4.5,SW,ABCO,,,,,1,58
2,4,5,2.4.5,SW,PIPO,,,,,2,3
2,4,5,2.4.5,SW,PIPO,,,,,1,1
2,4,6,2.4.6,NE,RIRO,2,90,1,4.5,,
2,4,6,2.4.6,SW,QUKE,3,125,1,18,,
2,4,6,2.4.6,NE,CEIN,5,155,52,63,,
2,4,6,2.4.6,SW,CEIN,6,100,144,88,,
3,1,1,3.1.1,NE,SYMO,2,25,3,4.5,,
3,1,1,3.1.1,NE,CEIN,3,91,18,18,,
3,1,1,3.1.1,NE,PIPO,,,,,3,1
3,1,1,3.1.1,NE,CADE,,,,,1,1
3,1,1,3.1.1,NE,CADE,,,,,2,1
3,1,2,3.1.2,NE,CEVE,1,90,1,1,,
3,1,2,3.1.2,NE,QUKE,1,50,3,1,,
3,1,2,3.1.2,SW,QUKE,1,15,1,1,,
3,1,2,3.1.2,SW,ARPA,2,125,1,4.5,,
3,1,2,3.1.2,SW,RIRO,2,50,2,4.5,,
3,1,2,3.1.2,NE,CEIN,3,185,5,18,,
3,1,2,3.1.2,SW,CEIN,3,140,6,18,,
3,1,2,3.1.2,NE,PILA,,,,,1,2
3,1,2,3.1.2,SW,PILA,,,,,2,1
3,1,2,3.1.2,SW,PILA,,,,,1,1
3,1,2,3.1.2,SW,PIPO,,,,,,
3,1,3,3.1.3,SW,QUKE,1,9,3,1,,
3,1,3,3.1.3,SW,RIRO,1,26,2,1,,
3,1,3,3.1.3,NE,RIRO,2,82,3,4.5,,
3,1,3,3.1.3,NE,QUKE,2,80,1,4.5,,
3,1,3,3.1.3,NE,NODE,2,85,1,4.5,,
3,1,3,3.1.3,NE,ABCO,,,,,2,1
3,1,3,3.1.3,NE,PIPO,,,,,,
3,1,3,3.1.3,SW,PILA,,,,,2,5
3,1,3,3.1.3,SW,ABCO,,,,,2,1
3,1,3,3.1.3,SW,ABCO,,,,,3,1
3,1,3,3.1.3,SW,PIPO,,,,,2,1
3,1,4,3.1.4,NE,serrated shiny,2,170,11,4.5,,
3,1,4,3.1.4,SW,QUCH,2,130,1,4.5,,
3,1,4,3.1.4,NE,TODI,3,135,16,18,,
3,1,4,3.1.4,SW,TODI,3,130,16,18,,
3,1,4,3.1.4,SW,CEIN,4,270,12,38,,
3,1,4,3.1.4,NE,CEIN,5,260,24,63,,
3,1,5,3.1.5,NE,RIRO,1,17,1,1,,
3,1,5,3.1.5,NE,QUKE,1,7,1,1,,
3,1,5,3.1.5,NE,CECO,2,170,3,4.5,,
3,1,5,3.1.5,NE,ARPA,2,130,3,4.5,,
3,1,5,3.1.5,SW,ARPA,2,150,2,4.5,,
3,1,5,3.1.5,SW,CEPR,2,5,1,4.5,,
3,1,5,3.1.5,NE,ABCO,,,,,1,1
3,1,5,3.1.5,NE,ABCO,,,,,2,2
3,1,5,3.1.5,NE,ABCO,,,,,3,9
3,1,5,3.1.5,NE,ABCO,,,,,4,3
3,1,5,3.1.5,NE,PILA,,,,,2,1
3,1,5,3.1.5,SW,ABCO,,,,,1,1
3,1,5,3.1.5,SW,ABCO,,,,,2,3
3,1,5,3.1.5,SW,ABCO,,,,,3,15
3,1,5,3.1.5,SW,ABCO,,,,,4,23
3,1,5,3.1.5,SW,ABCO,,,,,5,6
3,1,5,3.1.5,SW,PILA,,,,,5,1
3,1,5,3.1.5,SW,PILA,,,,,4,1
3,1,6,3.1.6,NE,rosa sp,1,20,6,1,,
3,1,6,3.1.6,NE,RIRO,2,92,2,4.5,,
3,1,6,3.1.6,SW,ARPA,3,165,16,18,,
3,1,6,3.1.6,SW,CECO,4,102,19,38,,
3,1,6,3.1.6,NE,CECO,4,155,14,38,,
3,1,6,3.1.6,NE,ARPA,4,160,14,38,,
3,1,6,3.1.6,NE,PILA,,,,,1,1
3,1,6,3.1.6,NE,PILA,,,,,3,1
3,2,1,3.2.1,SW,QUKE,1,7,3,1,,
3,2,1,3.2.1,SW,RIRO,1,15,2,1,,
3,2,1,3.2.1,NE,QUKE,2,18,12,4.5,,
3,2,1,3.2.1,NE,CEIN,2,28,66,4.5,,
3,2,1,3.2.1,SW,CEIN,3,49,69,18,,
3,2,1,3.2.1,NE,PILA,,,,,2,2
3,2,2,3.2.2,SW,RIRO,1,30,2,1,,
3,2,2,3.2.2,SW,ARUV,1,10,1,1,,
3,2,2,3.2.2,NE,RIRO,1,12,1,1,,
3,2,2,3.2.2,SW,CEIN,2,45,70,4.5,,
3,2,2,3.2.2,NE,CEIN,2,31,112,4.5,,
3,2,2,3.2.2,SW,PILA,,,,,1,14
3,2,2,3.2.2,NE,PILA,,,,,1,17
3,2,3,3.2.3,SW,QUKE,1,18,4,1,,
3,2,3,3.2.3,SW,RIRO,1,63,1,1,,
3,2,3,3.2.3,SW,ARPA,1,20,1,1,,
3,2,3,3.2.3,NE,RIRO,1,10,1,1,,
3,2,3,3.2.3,SW,SYMO,2,33,5,4.5,,
3,2,3,3.2.3,NE,QUKE,2,90,3,4.5,,
3,2,3,3.2.3,NE,CEIN,2,165,2,4.5,,
3,2,3,3.2.3,NE,ARPA,3,160,5,18,,
3,2,3,3.2.3,SW,CEIN,6,85,25,88,,
3,2,4,3.2.4,NE,RIRO,1,15,1,1,,
3,2,4,3.2.4,SW,CEIN,1,24,3,1,,
3,2,4,3.2.4,SW,QUKE,2,115,1,4.5,,
3,2,4,3.2.4,NE,CEIN,4,280,31,38,,
3,2,4,3.2.4,NE,ABCO,,,,,3,9
3,2,4,3.2.4,NE,ABCO,,,,,4,2
3,2,4,3.2.4,SW,ABCO,,,,,1,8
3,2,4,3.2.4,SW,PSME,,,,,1,2
3,2,5,3.2.5,SW,RIRO,1,53,1,1,,
3,2,5,3.2.5,SW,PREM,1,25,2,1,,
3,2,5,3.2.5,NE,RIRO,1,8,2,1,,
3,2,5,3.2.5,SW,ARPA,2,51,3,4.5,,
3,2,5,3.2.5,NE,ARPA,2,160,1,4.5,,
3,2,5,3.2.5,SW,CECO,3,80,12,18,,
3,2,5,3.2.5,NE,CECO,6,175,20,88,,
3,2,5,3.2.5,SW,PILA,,,,,4,1
3,2,5,3.2.5,SW,PILA,,,,,5,1
3,2,5,3.2.5,NE,ABCO,,,,,4,1
3,2,5,3.2.5,NE,ABCO,,,,,5,1
3,2,5,3.2.5,NE,PIPO,,,,,4,1
3,2,5,3.2.5,NE,PILA,,,,,5,1
3,2,5,3.2.5,NE,PILA,,,,,4,1
3,2,5,3.2.5,NE,ABCO,,,,,5,1
3,2,6,3.2.6,NE,QUKE,1,16,4,1,,
3,2,6,3.2.6,NE,RIRO,1,18,2,1,,
3,2,6,3.2.6,SW,QUKE,1,20,1,1,,
3,2,6,3.2.6,SW,RIRO,2,65,2,4.5,,
3,2,6,3.2.6,NE,CECO,4,155,55,38,,
3,2,6,3.2.6,SW,CECO,4,160,18,38,,
3,2,6,3.2.6,SW,ABCO,,,,,2,1
3,3,2,3.3.2,NE,CEPR,1,6,2,1,,
3,3,2,3.3.2,NE,RIRO,1,15,2,1,,
3,3,2,3.3.2,NE,AMAL,1,38,1,1,,
3,3,2,3.3.2,SW,RIRO,2,52,2,4.5,,
3,3,2,3.3.2,SW,ARPA,2,88,1,4.5,,
3,3,2,3.3.2,SW,SYMO,2,12,1,4.5,,
3,3,2,3.3.2,SW,AMAL,2,60,1,4.5,,
3,3,2,3.3.2,NE,ARPA,2,75,1,4.5,,
3,3,2,3.3.2,SW,CEIN,4,139,49,38,,
3,3,2,3.3.2,NE,CEIN,4,130,75,38,,
3,3,3,3.3.3,NE,CEVE,1,12,1,1,,
3,3,3,3.3.3,NE,CEIN,2,93,15,4.5,,
3,3,3,3.3.3,NE,RIRO,2,38,5,4.5,,
3,3,3,3.3.3,SW,CEIN,,125,44,,,
3,3,3,3.3.3,SW,SYMO,,18,1,,,
3,3,3,3.3.3,SW,ARPA,,18,1,,,
3,3,3,3.3.3,SW,RIRO,,48,2,,,
3,3,3,3.3.3,SW,CEVE,,15,1,,,
3,3,4,3.3.4,NE,RIRO,2,50,3,4.5,,
3,3,4,3.3.4,SW,CEIN,2,150,4,4.5,,
3,3,4,3.3.4,NE,CEIN,6,210,15,88,,
3,3,5,3.3.5,NE,ARPA,1,15,2,1,,
3,3,5,3.3.5,SW,QUKE,1,95,1,1,,
3,3,5,3.3.5,SW,CEPR,1,3,1,1,,
3,3,5,3.3.5,NE,RIRO,2,60,8,4.5,,
3,3,5,3.3.5,NE,CECO,2,60,1,4.5,,
3,3,5,3.3.5,SW,RIRO,2,37,13,4.5,,
3,3,5,3.3.5,SW,CECO,2,93,2,4.5,,
3,3,5,3.3.5,SW,ARPA,2,96,10,4.5,,
3,3,5,3.3.5,SW,SYMO,2,20,5,4.5,,
3,3,5,3.3.5,SW,CEIN,3,85,73,18,,
3,3,5,3.3.5,NE,CEIN,4,175,45,38,,
3,3,5,3.3.5,NE,PIPO,,,,,2,1
3,3,5,3.3.5,NE,PIPO,,,,,1,1
3,3,5,3.3.5,SW,PIPO,,,,,1,1
3,3,6,3.3.6,NE,RIRO,1,10,2,1,,
3,3,6,3.3.6,SW,CEPR,1,4,1,1,,
3,3,6,3.3.6,SW,SAME,2,120,1,4.5,,
3,3,6,3.3.6,NE,CEIN,3,160,60,18,,
3,3,6,3.3.6,SW,CEIN,3,167,107,18,,
3,3,6,3.3.6,NE,PIPO,,,,,,
3,3,6,3.3.6,SW,PILA,,,,,1,2
3,4,1,3.4.1,SW,CEPR,1,3,1,1,,
3,4,1,3.4.1,NE,CECO,2,79,1,4.5,,
3,4,1,3.4.1,NE,CEIN,2,100,2,4.5,,
3,4,1,3.4.1,SW,CEVE,2,120,1,4.5,,
3,4,1,3.4.1,SW,CECO,5,144,15,63,,
3,4,2,3.4.2,SW,CECO,1,14,1,1,,
3,4,2,3.4.2,NE,CEVE,1,27,1,1,,
3,4,2,3.4.2,NE,RIRO,2,68,2,4.5,,
3,4,2,3.4.2,NE,CEIN,5,153,45,63,,
3,4,2,3.4.2,SW,CEIN,6,153,40,88,,
3,4,2,3.4.2,NE,PIPO,,,,,1,2
3,4,3,3.4.3,SW,unk. willow,1,43,2,1,,
3,4,3,3.4.3,SW,RIRO,1,55,2,1,,
3,4,3,3.4.3,SW,CEVE,1,27,1,1,,
3,4,3,3.4.3,SW,CEPR,1,4,1,1,,
3,4,3,3.4.3,NE,unk willow,1,35,1,1,,
3,4,3,3.4.3,NE,CEVE,1,34,1,1,,
3,4,3,3.4.3,NE,RIRO,2,60,4,4.5,,
3,4,3,3.4.3,NE,CEIN,3,42,21,18,,
3,4,3,3.4.3,SW,CEIN,4,93,40,38,,
3,4,3,3.4.3,SW,ABCO,,,,,1,1
3,4,3,3.4.3,NE,PIPO,,,,,1,5
3,4,3,3.4.3,NE,PILA,,,,,1,1
3,4,3,3.4.3,NE,ABCO,,,,,1,4
3,4,3,3.4.3,NE,PSME,,,,,1,3
3,4,4,3.4.4,NE,ARPA,1,13,2,1,,
3,4,4,3.4.4,SW,ARPA,1,12,2,1,,
3,4,4,3.4.4,NE,RIRO,2,45,7,4.5,,
3,4,4,3.4.4,NE,CEIN,2,40,2,4.5,,
3,4,4,3.4.4,SW,CECO,3,105,23,18,,
3,4,4,3.4.4,NE,CECO,5,137,31,63,,
3,4,5,3.4.5,SW,RIRO,1,35,2,1,,
3,4,5,3.4.5,SW,ARPA,1,3,1,1,,
3,4,5,3.4.5,NE,CEPR,1,3,2,1,,
3,4,5,3.4.5,NE,ARPA,1,18,4,1,,
3,4,5,3.4.5,NE,QUKE,2,107,1,4.5,,
3,4,5,3.4.5,NE,CECO,4,85,37,38,,
3,4,5,3.4.5,SW,CECO,5,130,21,63,,
3,4,6,3.4.6,NE,RIRO,1,25,5,1,,
3,4,6,3.4.6,NE,CEVE,1,35,1,1,,
3,4,6,3.4.6,NE,CEPR,2,6,3,4.5,,
3,4,6,3.4.6,SW,CEIN,3,155,22,18,,
3,4,6,3.4.6,NE,CEIN,4,185,43,38,,
4,1,1,4.1.1,SW,RIRO,1,53,1,1,,
4,1,1,4.1.1,SW,ARPA,2,125,2,4.5,,
4,1,1,4.1.1,SW,CECO,2,130,2,4.5,,
4,1,1,4.1.1,NE,RIRO,2,,6,4.5,,
4,1,1,4.1.1,SW,PSME,,,,,2,1
4,1,1,4.1.1,NE,PSME,,,,,2,1
4,1,2,4.1.2,SW,ARPA,2,145,3,4.5,,
4,1,2,4.1.2,NE,ARPA,3,145,2,18,,
4,1,2,4.1.2,NE,CECO,6,180,6,88,,
4,1,2,4.1.2,SW,CECO,6,180,8,88,,
4,1,3,4.1.3,SW,CEPR,1,5,1,1,,
4,1,3,4.1.3,NE,RIRO,1,40,2,1,,
4,1,3,4.1.3,SW,RIRO,2,45,23,4.5,,
4,1,3,4.1.3,NE,ARPA,3,170,5,18,,
4,1,3,4.1.3,NE,CEIN,3,200,5,18,,
4,1,3,4.1.3,NE,CECO,5,200,9,63,,
4,1,3,4.1.3,SW,ABCO,,,,,1,1
4,1,3,4.1.3,SW,ABCO,,,,,2,2
4,1,3,4.1.3,SW,ABCO,,,,,4,3
4,1,3,4.1.3,SW,PSME,,,,,3,3
4,1,3,4.1.3,SW,PSME,,,,,5,2
4,1,3,4.1.3,SW,PSME,,,,,4,5
4,1,3,4.1.3,SW,PILA,,,,,2,1
4,1,3,4.1.3,SW,PILA,,,,,3,2
4,1,3,4.1.3,SW,PILA,,,,,4,2
4,1,3,4.1.3,NE,PSME,,,,,2,2
4,1,3,4.1.3,NE,PSME,,,,,5,1
4,1,3,4.1.3,NE,PIPO,,,,,3,1
4,1,4,4.1.4,NE,RIRO,1,55,6,1,,
4,1,4,4.1.4,NE,QUKE,1,35,1,1,,
4,1,4,4.1.4,SW,QUKE,1,18,1,1,,
4,1,4,4.1.4,SW,RIRO,2,62,3,4.5,,
4,1,4,4.1.4,NE,ARPA,3,125,1,18,,
4,1,4,4.1.4,SW,CEIN,3,200,1,18,,
4,1,4,4.1.4,NE,CEVE,4,190,6,38,,
4,1,4,4.1.4,SW,CEVE,4,190,4,38,,
4,1,5,4.1.5,NE,serrated shiny,1,14,1,1,,
4,1,5,4.1.5,NE,ARPA,2,147,1,4.5,,
4,1,5,4.1.5,SW,RHPU,2,135,1,4.5,,
4,1,5,4.1.5,SW,serrated shiny,3,85,16,18,,
4,1,5,4.1.5,SW,ARPA,3,145,4,18,,
4,1,5,4.1.5,NE,CEIN,5,205,25,63,,
4,1,5,4.1.5,SW,CEIN,5,235,29,63,,
4,1,6,4.1.6,SW,ARPA,2,200,1,4.5,,
4,1,6,4.1.6,NE,CEIN,3,200,16,18,,
4,1,6,4.1.6,NE,RHPU,3,170,6,18,,
4,1,6,4.1.6,SW,CEIN,3,310,17,18,,
4,1,6,4.1.6,SW,RHPU,3,210,3,18,,
4,2,1,4.2.1,SW,NODE?,1,0.6,1,1,,
4,2,1,4.2.1,NE,NODE?,3,74,8,18,,
4,2,1,4.2.1,SW,CEIN,3,1.1,39,18,,
4,2,1,4.2.1,NE,CEIN,6,222,40,88,,
4,2,2,4.2.2,NE,QUKE,1,10,2,1,,
4,2,2,4.2.2,SW,ARPA,2,160,1,4.5,,
4,2,2,4.2.2,SW,CEPR,2,3,2,4.5,,
4,2,2,4.2.2,NE,CEIN,2,240,1,4.5,,
4,2,2,4.2.2,NE,CECO,2,110,1,4.5,,
4,2,2,4.2.2,SW,CEVE,3,210,6,18,,
4,2,2,4.2.2,NE,ARPA,3,175,2,18,,
4,2,2,4.2.2,SW,CEIN,6,210,8,88,,
4,2,2,4.2.2,NE,CEVE,6,210,5,88,,
4,2,2,4.2.2,SW,PIPO,,,,,4,2
4,2,2,4.2.2,NE,PIPO,,,,,5,3
4,2,2,4.2.2,NE,ABCO,,,,,4,1
4,2,3,4.2.3,NE,QUKE,1,11,1,1,,
4,2,3,4.2.3,SW,RIRO,2,45,2,4.5,,
4,2,3,4.2.3,SW,CEIN,2,50,1,4.5,,
4,2,3,4.2.3,SW,CEVE,2,35,6,4.5,,
4,2,3,4.2.3,SW,ARPA,2,37,7,4.5,,
4,2,3,4.2.3,NE,ARPA,2,30,1,4.5,,
4,2,3,4.2.3,NE,RIRO,2,65,12,4.5,,
4,2,3,4.2.3,SW,CECO,3,145,7,18,,
4,2,3,4.2.3,NE,CEIN,3,250,3,18,,
4,2,3,4.2.3,NE,CECO,3,205,2,18,,
4,2,3,4.2.3,NE,CEVE,3,180,4,18,,
4,2,3,4.2.3,SW,PIPO,,,,,2,1
4,2,3,4.2.3,SW,PSME,,,,,2,1
4,2,3,4.2.3,NE,PIPO,,,,,2,2
4,2,3,4.2.3,NE,CADE,,,,,4,1
4,2,4,4.2.4,SW,QUKE,1,12,2,1,,
4,2,4,4.2.4,NE,RIRO,1,60,2,1,,
4,2,4,4.2.4,NE,CEPR,1,3,2,1,,
4,2,4,4.2.4,SW,ARPA,2,100,6,4.5,,
4,2,4,4.2.4,NE,QUKE,2,135,8,4.5,,
4,2,4,4.2.4,NE,CEIN,3,100,30,18,,
4,2,4,4.2.4,SW,CEIN,4,138,50,38,,
4,2,4,4.2.4,NE,ARPA,4,89,9,38,,
4,2,5,4.2.5,NE,CECO,2,110,19,4.5,,
4,2,5,4.2.5,NE,ARPA,4,80,12,38,,
4,2,5,4.2.5,NE,CEIN,4,130,1,38,,
4,2,5,4.2.5,SW,CECO,4,135,11,38,,
4,2,5,4.2.5,SW,ARPA,5,183,27,63,,
4,2,6,4.2.6,NE,RIRO,1,70,6,1,,
4,2,6,4.2.6,NE,ARPA,1,38,1,1,,
4,2,6,4.2.6,NE,QUKE,2,105,2,4.5,,
4,2,6,4.2.6,SW,CEVE,2,250,2,4.5,,
4,2,6,4.2.6,NE,CEIN,4,235,59,38,,
4,2,6,4.2.6,SW,CEIN,6,330,30,88,,
4,2,6,4.2.6,SW,ABCO,,,,,5,1
4,3,1,4.3.1,SW,RIRO,1,14,1,1,,
4,3,1,4.3.1,SW,CEIN,1,26,1,1,,
4,3,1,4.3.1,NE,CEIN,1,20,1,1,,
4,3,1,4.3.1,NE,QUKE,1,18,1,1,,
4,3,1,4.3.1,SW,CEPR,2,5,14,4.5,,
4,3,1,4.3.1,SW,QUKE,2,135,2,4.5,,
4,3,1,4.3.1,NE,CEPR,2,6,9,4.5,,
4,3,1,4.3.1,SW,CECO,4,76,43,38,,
4,3,1,4.3.1,NE,CECO,4,77,27,38,,
4,3,1,4.3.1,SW,PIPO,,,,,4,1
4,3,2,4.3.2,SW,ARPA,1,17,1,1,,
4,3,2,4.3.2,SW,RIRO,2,40,4,4.5,,
4,3,2,4.3.2,SW,SYMO,2,20,1,4.5,,
4,3,2,4.3.2,NE,ARPA,3,40,2,18,,
4,3,2,4.3.2,SW,CECO,3,58,25,18,,
4,3,2,4.3.2,NE,CECO,4,135,17,38,,
4,3,3,4.3.3,NE,CHSE,1,12,1,1,,
4,3,3,4.3.3,NE,ARPA,1,10,3,1,,
4,3,3,4.3.3,NE,QUKE,1,35,3,1,,
4,3,3,4.3.3,NE,cherry,1,37,1,1,,
4,3,3,4.3.3,NE,CEPR,1,3,1,1,,
4,3,3,4.3.3,SW,CEVE,1,17,1,1,,
4,3,3,4.3.3,SW,ARPA,2,160,8,4.5,,
4,3,3,4.3.3,NE,CEIN,3,65,73,18,,
4,3,3,4.3.3,SW,CEIN,4,132,25,38,,
4,3,4,4.3.4,NE,ARPA,1,15,2,1,,
4,3,4,4.3.4,NE,RIRO,1,30,2,1,,
4,3,4,4.3.4,SW,SYMO,1,25,1,1,,
4,3,4,4.3.4,NE,SYMO,2,30,6,4.5,,
4,3,4,4.3.4,NE,QUKE,2,110,1,4.5,,
4,3,4,4.3.4,SW,ARPA,2,105,1,4.5,,
4,3,4,4.3.4,SW,QUKE,2,60,1,4.5,,
4,3,4,4.3.4,NE,CEIN,5,174,58,63,,
4,3,4,4.3.4,SW,CEIN,6,205,45,88,,
4,3,5,4.3.5,SW,RIRO,1,68,1,1,,
4,3,5,4.3.5,SW,CECO,2,85,1,4.5,,
4,3,5,4.3.5,NE,CEIN,4,165,40,38,,
4,3,5,4.3.5,SW,CEIN,5,230,33,63,,
4,3,6,4.3.6,SW,QUKE,1,23,2,1,,
4,3,6,4.3.6,SW,CEIN,4,155,35,38,,
4,3,6,4.3.6,NE,CEIN,6,160,40,88,,
4,4,1,4.4.1,SW,RIRO,1,30,1,1,,
4,4,1,4.4.1,SW,QUKE*,2,1.4,2,4.5,,
4,4,1,4.4.1,NE,ARPA,2,30,3,4.5,,
4,4,1,4.4.1,NE,RIRO,2,60,1,4.5,,
4,4,1,4.4.1,NE,CECO,4,110,33,38,,
4,4,1,4.4.1,SW,CECO,5,1.2,64,63,,
4,4,1,4.4.1,SW,ARPA,,,1,,,
4,4,2,4.4.2,NE,QUKE,1,26,1,1,,
4,4,2,4.4.2,NE,CEPR,1,6,3,1,,
4,4,2,4.4.2,SW,ARPA,1,19,2,1,,
4,4,2,4.4.2,NE,ARPA,2,60,3,4.5,,
4,4,2,4.4.2,SW,CEPR,2,12,4,4.5,,
4,4,2,4.4.2,NE,CECO,3,75,13,18,,
4,4,2,4.4.2,SW,CECO,3,78,7,18,,
4,4,3,4.4.3,SW,QUKE,1,157,1,1,,
4,4,3,4.4.3,NE,RIRO,1,25,1,1,,
4,4,3,4.4.3,SW,CECO,4,35,17,38,,
4,4,3,4.4.3,NE,CECO,4,137,17,38,,
4,4,4,4.4.4,NE,CEIN,1,58,1,1,,
4,4,4,4.4.4,SW,bushy gland-tipped,2,25,1,4.5,,
4,4,4,4.4.4,SW,RIRO,2,66,1,4.5,,
4,4,4,4.4.4,NE,CEVE,3,127,4,18,,
4,4,4,4.4.4,SW,CEIN,3,123,5,18,,
4,4,5,4.4.5,SW,ARPA,1,5,1,1,,
4,4,5,4.4.5,NE,RIRO,2,75,2,4.5,,
4,4,5,4.4.5,NE,ARPA,2,68,1,4.5,,
4,4,5,4.4.5,SW,CEIN,2,140,9,4.5,,
4,4,5,4.4.5,SW,RIRO,2,60,2,4.5,,
4,4,5,4.4.5,NE,CEIN,3,156,19,18,,
4,4,5,4.4.5,NE,CECO,3,135,3,18,,
4,4,5,4.4.5,SW,CECO,3,136,16,18,,
4,4,5,4.4.5,NE,PSME,,,,,2,1
4,4,5,4.4.5,NE,PIPO,,,,,2,2
4,4,6,4.4.6,NE,RIRO,1,30,1,1,,
4,4,6,4.4.6,NE,QUKE,1,10,1,1,,
4,4,6,4.4.6,SW,CEIN,1,40,1,1,,
4,4,6,4.4.6,SW,RIRO,1,25,1,1,,
4,4,6,4.4.6,NE,CHSE,2,112,1,4.5,,
4,4,6,4.4.6,SW,ARPA,3,40,35,18,,
4,4,6,4.4.6,NE,ARPA,4,122,47,38,,
4,4,6,4.4.6,NE,CECO,5,150,90,63,,
4,4,6,4.4.6,SW,CECO,5,120,121,63,,
